{
	"folders": {},
	"connections": {
		"oracle_thin-175410cdb3e-3be6c0fb445b577": {
			"provider": "oracle",
			"driver": "oracle_thin",
			"name": "XE",
			"save-password": true,
			"show-system-objects": true,
			"read-only": false,
			"configuration": {
				"host": "localhost",
				"port": "1521",
				"database": "XE",
				"url": "jdbc:oracle:thin:@localhost:1521:XE",
				"home": "C:\\oraclexe\\app\\oracle\\product\\11.2.0\\server",
				"type": "dev",
				"provider-properties": {
					"@dbeaver-check-schema-content@": "false",
					"@dbeaver-always-show-dba@": "false",
					"@dbeaver-always-use-dba-views@": "false",
					"@dbeaver-meta-use-sys-schema@": "false",
					"@dbeaver-meta-use-simple-constraints@": "false",
					"@dbeaver-use-rule-hint@": "false",
					"@dbeaver-use-meta-optimizer@": "false",
					"@dbeaver-connection-type@": "BASIC",
					"@dbeaver-sid-service@": "SID"
				},
				"auth-model": "oracle_native"
			}
		},
		"oracle_thin-175416054a9-71de5c99cd9f47e8": {
			"provider": "oracle",
			"driver": "oracle_thin",
			"name": "XE 2",
			"save-password": true,
			"show-system-objects": true,
			"read-only": false,
			"configuration": {
				"host": "localhost",
				"port": "1521",
				"database": "XE",
				"url": "jdbc:oracle:thin:@localhost:1521:XE",
				"home": "C:\\oraclexe\\app\\oracle\\product\\11.2.0\\server",
				"type": "dev",
				"provider-properties": {
					"@dbeaver-check-schema-content@": "false",
					"@dbeaver-always-show-dba@": "false",
					"@dbeaver-always-use-dba-views@": "false",
					"@dbeaver-meta-use-sys-schema@": "false",
					"@dbeaver-meta-use-simple-constraints@": "false",
					"@dbeaver-use-rule-hint@": "false",
					"@dbeaver-use-meta-optimizer@": "false",
					"@dbeaver-connection-type@": "BASIC",
					"@dbeaver-sid-service@": "SID"
				},
				"auth-model": "oracle_native",
				"handlers": {}
			}
		},
		"oracle_thin-1754166f82e-4933750730d52af6": {
			"provider": "oracle",
			"driver": "oracle_thin",
			"name": "XE 3",
			"save-password": true,
			"show-system-objects": true,
			"read-only": false,
			"configuration": {
				"host": "localhost",
				"port": "1521",
				"database": "XE",
				"url": "jdbc:oracle:thin:@localhost:1521:XE",
				"home": "C:\\oraclexe\\app\\oracle\\product\\11.2.0\\server",
				"type": "dev",
				"provider-properties": {
					"@dbeaver-check-schema-content@": "false",
					"@dbeaver-always-show-dba@": "false",
					"@dbeaver-always-use-dba-views@": "false",
					"@dbeaver-meta-use-sys-schema@": "false",
					"@dbeaver-meta-use-simple-constraints@": "false",
					"@dbeaver-use-rule-hint@": "false",
					"@dbeaver-use-meta-optimizer@": "false",
					"@dbeaver-connection-type@": "BASIC",
					"@dbeaver-sid-service@": "SID"
				},
				"auth-model": "oracle_native",
				"handlers": {}
			}
		}
	},
	"connection-types": {
		"dev": {
			"name": "Development",
			"color": "255,255,255",
			"description": "Regular development database",
			"auto-commit": true,
			"confirm-execute": false,
			"confirm-data-change": false
		}
	}
}